"SpeciesnameEurope","Family","Subfamily","PhylogeneticOrder","AuthorYear","Genus","Species","EnglishName","RedListCategoryEurope","RedListCategoryEU","HabitatsDirective","SPECstatus","EuropeanEndemic","EUEndemic","Endemic","EdgeOfRange","Comments"
"Aglais ichnusa","Nymphalidae","Nymphalinae",298,"(Hübner, 1824)","Aglais","ichnusa","Corsican Small Tortoiseshell","LC","LC",,,"EuropeanEndemic","EUEndemic",,,
"Aglais io","Nymphalidae","Nymphalinae",296,"(Linnaeus, 1758)","Aglais","io","Peacock","LC","LC",,,,,,,
"Aglais urticae","Nymphalidae","Nymphalinae",297,"(Linnaeus, 1758)","Aglais","urticae","Small Tortoiseshell","LC","LC",,,,,,,
"Agriades aquilo","Lycaenidae","Polyommatinae",201,"(Boisduval, 1832)","Agriades","aquilo","Arctic Blue","LC","LC","II",,,,,,
"Agriades dardanus","Lycaenidae","Polyommatinae",198,"(Freyer, 1843)","Agriades","dardanus","Bosnian Blue","NT","NT",,"SPEC2",,,,,
"Agriades glandon","Lycaenidae","Polyommatinae",200,"(de Prunner, 1798)","Agriades","glandon","Glandon Blue","LC","LC",,,"EuropeanEndemic",,,,
"Agriades optilete","Lycaenidae","Polyommatinae",196,"(Knoch, 1781)","Agriades","optilete","Cranberry Blue","LC","LC",,,,,,,
"Agriades orbitulus","Lycaenidae","Polyommatinae",195,"(de Prunner, 1798)","Agriades","orbitulus","Alpine Blue","LC","LC",,,,,,,
"Agriades pyrenaicus","Lycaenidae","Polyommatinae",197,"(Boisduval, 1840)","Agriades","pyrenaicus","Gavarnie Blue","LC","LC",,,"EuropeanEndemic","EUEndemic",,,
"Agriades zullichi","Lycaenidae","Polyommatinae",199,"Hemming, 1933","Agriades","zullichi","Zullich's Blue","EN","EN",,"SPEC1","EuropeanEndemic","EUEndemic","Spain",,
"Anthocharis cardamines","Pieridae","Pierinae",117,"(Linnaeus, 1758)","Anthocharis","cardamines","Orange-tip","LC","LC",,,,,,,
"Anthocharis damone","Pieridae","Pierinae",119,"Boisduval, 1836","Anthocharis","damone","Eastern Orange-tip","LC","LC",,,,,,,
"Anthocharis euphenoides","Pieridae","Pierinae",116,"Staudinger, 1869","Anthocharis","euphenoides","Provence Orange-tip","LC","LC",,,"EuropeanEndemic",,,,
"Anthocharis gruneri","Pieridae","Pierinae",118,"Herrich-Schäffer, 1851","Anthocharis","gruneri","Grüner's Orange-tip","LC","LC",,,,,,,
"Apatura ilia","Nymphalidae","Apaturinae",290,"([Denis & Schiffermüller], 1775)","Apatura","ilia","Lesser Purple Emperor","LC","LC",,,,,,,
"Apatura iris","Nymphalidae","Apaturinae",288,"(Linnaeus, 1758)","Apatura","iris","Purple Emperor","LC","LC",,,,,,,
"Apatura metis","Nymphalidae","Apaturinae",289,"Freyer, 1829","Apatura","metis","Freyer's Purple Emperor","LC","LC","IV",,,,,,
"Aphantopus hyperantus","Nymphalidae","Satyrinae",430,"(Linnaeus, 1758)","Aphantopus","hyperantus","Ringlet","LC","LC",,,,,,,
"Aporia crataegi","Pieridae","Pierinae",87,"(Linnaeus, 1758)","Aporia","crataegi","Black-veined White","LC","LC",,,,,,,
"Araschnia levana","Nymphalidae","Nymphalinae",291,"(Linnaeus, 1758)","Araschnia","levana","Map","LC","LC",,,,,,,
"Archon apollinus","Papilionidae","Parnassiinae",9,"(Herbst, 1798)","Archon","apollinus","False Apollo","NT","LC",,"SPEC2",,,,,
"Arethusana arethusa","Nymphalidae","Satyrinae",397,"([Denis & Schiffermüller], 1775)","Arethusana","arethusa","False Grayling","LC","LC",,,,,,,
"Argynnis laodice","Nymphalidae","Heliconiinae",263,"(Pallas, 1771)","Argynnis","laodice","Pallas' Fritillary","LC","NT",,,,,,,
"Argynnis pandora","Nymphalidae","Heliconiinae",262,"([Denis & Schiffermüller], 1775)","Argynnis","pandora","Cardinal","LC","LC",,,,,,,
"Argynnis paphia","Nymphalidae","Heliconiinae",261,"(Linnaeus, 1758)","Argynnis","paphia","Silver-washed Fritillary","LC","LC",,,,,,,
"Aricia agestis","Lycaenidae","Polyommatinae",218,"([Denis & Schiffermüller], 1775)","Aricia","agestis","Brown Argus","LC","LC",,,,,,,
"Aricia anteros","Lycaenidae","Polyommatinae",213,"(Freyer, 1838)","Aricia","anteros","Blue Argus","NT","LC",,"SPEC2",,,,,
"Aricia artaxerxes","Lycaenidae","Polyommatinae",216,"(Fabricius, 1793)","Aricia","artaxerxes","Northern Brown Argus","LC","LC",,,,,,,
"Aricia cramera","Lycaenidae","Polyommatinae",214,"(Eschscholtz, 1821)","Aricia","cramera","Southern Brown Argus","LC","LC",,,,,,,
"Aricia montensis","Lycaenidae","Polyommatinae",217,"Verity, 1928","Aricia","montensis","Southern Mountain Argus","LC","LC",,,,,,,
"Aricia morronensis","Lycaenidae","Polyommatinae",212,"(Ribbe, 1910)","Aricia","morronensis","Spanish Argus","LC","LC",,,"EuropeanEndemic","EUEndemic",,,
"Aricia nicias","Lycaenidae","Polyommatinae",215,"(Meigen, 1829)","Aricia","nicias","Silvery Argus","LC","LC",,,,,,,
"Azanus jesous","Lycaenidae","Polyommatinae",156,"(Guérin-Méneville, 1849)","Azanus","jesous","African Babul Blue",,,,,,,,"EoR",
"Azanus ubaldus","Lycaenidae","Polyommatinae",155,"(Stoll, 1782)","Azanus","ubaldus","Bright Babul Blue","NtA","NtA",,,,,,"EoR",
"Boloria alaskensis","Nymphalidae","Heliconiinae",271,"(Holland, 1900)","Boloria","alaskensis","suggestion: Alaskan Fritillary","NtA","NtA",,,,,,"EoR",
"Boloria angarensis","Nymphalidae","Heliconiinae",287,"(Erschoff, 1870)","Boloria","angarensis","suggestion: XX Fritillary","NtA","NtA",,,,,,,
"Boloria aquilonaris","Nymphalidae","Heliconiinae",273,"(Stichel, 1908)","Boloria","aquilonaris","Cranberry Fritillary","LC","LC",,,,,,,
"Boloria chariclea","Nymphalidae","Heliconiinae",286,"(Schneider, 1794)","Boloria","chariclea","Arctic Fritillary","NT","NT",,"SPEC2",,,,,
"Boloria dia","Nymphalidae","Heliconiinae",279,"(Linnaeus, 1767)","Boloria","dia","Weaver's Fritillary","LC","LC",,,,,,,
"Boloria eunomia","Nymphalidae","Heliconiinae",268,"(Esper, 1800)","Boloria","eunomia","Bog Fritillary","LC","LC",,,,,,,
"Boloria euphrosyne","Nymphalidae","Heliconiinae",278,"(Linnaeus, 1758)","Boloria","euphrosyne","Pearl-bordered Fritillary","LC","LC",,,,,,,
"Boloria freija","Nymphalidae","Heliconiinae",282,"(Thunberg, 1791)","Boloria","freija","Freiya's Fritillary","LC","LC",,"SPEC3",,,,,
"Boloria frigga","Nymphalidae","Heliconiinae",281,"(Thunberg, 1791)","Boloria","frigga","Frigga's Fritillary","LC","LC",,"SPEC4",,,,,
"Boloria graeca","Nymphalidae","Heliconiinae",269,"(Staudinger, 1870)","Boloria","graeca","Balkan Fritillary","LC","LC",,,,,,,
"Boloria improba","Nymphalidae","Heliconiinae",280,"(Butler, 1877)","Boloria","improba","Dusky-winged Fritillary","EN","EN","II","SPEC1",,,,,
"Boloria napaea","Nymphalidae","Heliconiinae",272,"(Hoffmansegg, 1804)","Boloria","napaea","Mountain Fritillary","LC","LC",,,,,,,
"Boloria oscarus","Nymphalidae","Heliconiinae",284,"(Eversmann, 1844)","Boloria","oscarus","suggestion: Oscar's Fritillary","NtA","NtA",,,,,,"EoR",
"Boloria pales","Nymphalidae","Heliconiinae",270,"([Denis & Schiffermüller], 1775)","Boloria","pales","Shepherd's Fritillary","LC","LC",,,,,,,
"Boloria polaris","Nymphalidae","Heliconiinae",275,"(Boisduval, 1828)","Boloria","polaris","Polar Fritillary","VU","VU",,"SPEC1",,,,,
"Boloria selene","Nymphalidae","Heliconiinae",277,"([Denis & Schiffermüller], 1775)","Boloria","selene","Small Pearl-bordered Fritillary","LC","LC",,,,,,,
"Boloria selenis","Nymphalidae","Heliconiinae",283,"(Eversmann, 1837)","Boloria","selenis","suggestion: XX Fritillary","LC","NE",,,,,,,
"Boloria thore","Nymphalidae","Heliconiinae",276,"(Hübner, 1804)","Boloria","thore","Thor's Fritillary","LC","LC",,,,,,,
"Boloria titania","Nymphalidae","Heliconiinae",285,"(Esper, 1793)","Boloria","titania","Titania's Fritillary","NT","LC",,"SPEC2",,,,,
"Boloria tritonia","Nymphalidae","Heliconiinae",274,"(Böber, 1812)","Boloria","tritonia","suggestion: XX Fritillary","NtA","NtA",,,,,,"EoR",
"Borbo borbonica","Hesperiidae","Hesperiinae",20,"(Boisduval, 1833)","Borbo","borbonica","Zeller's Skipper","NtA","NtA",,,,,,,
"Brenthis daphne","Nymphalidae","Heliconiinae",260,"(Bergsträsser, 1780)","Brenthis","daphne","Marbled Fritillary","LC","LC",,,,,,,
"Brenthis hecate","Nymphalidae","Heliconiinae",258,"([Denis & Schiffermüller], 1775)","Brenthis","hecate","Twin-spot Fritillary","LC","LC",,,,,,,
"Brenthis ino","Nymphalidae","Heliconiinae",259,"(Rottemburg, 1775)","Brenthis","ino","Lesser Marbled Fritillary","LC","LC",,,,,,,
"Brintesia circe","Nymphalidae","Satyrinae",396,"(Fabricius, 1775)","Brintesia","circe","Great Banded Grayling","LC","LC",,,,,,,
"Cacyreus marshalli","Lycaenidae","Polyommatinae",158,"Butler, 1898","Cacyreus","marshalli","Geranium Bronze","NtA","NtA",,,,,,,
"Callophrys avis","Lycaenidae","Theclinae",141,"Chapman, 1909","Callophrys","avis","Chapman's Green Hairstreak","LC","LC",,,,,,,
"Callophrys chalybeitincta","Lycaenidae","Theclinae",144,"Sovinsky, 1905","Callophrys","chalybeitincta","Sovinsky's Green Hairstreak","NtA","NtA",,,,,,"EoR",
"Callophrys rubi","Lycaenidae","Theclinae",143,"(Linnaeus, 1758)","Callophrys","rubi","Green Hairstreak","LC","LC",,,,,,,
"Callophrys suaveola","Lycaenidae","Theclinae",142,"(Staudinger, 1881)","Callophrys","suaveola","Alpine Green Hairstreak","NtA","NtA",,,,,,"EoR",
"Carcharodus alceae","Hesperiidae","Pyrginae",36,"(Esper, 1780)","Carcharodus","alceae","Mallow Skipper","LC","LC",,,,,,,
"Carcharodus baeticus","Hesperiidae","Pyrginae",44,"(Rambur, 1839)","Carcharodus","baeticus","Southern Marbled Skipper","LC","LC",,,"EuropeanEndemic",,,,
"Carcharodus floccifera","Hesperiidae","Pyrginae",42,"(Zeller, 1847)","Carcharodus","floccifera","Tufted Marbled Skipper","NT","LC",,"SPEC2",,,,,
"Carcharodus lavatherae","Hesperiidae","Pyrginae",40,"(Esper, 1783)","Carcharodus","lavatherae","Marbled Skipper","NT","NT",,"SPEC2",,,,,
"Carcharodus orientalis","Hesperiidae","Pyrginae",41,"Reverdin, 1913","Carcharodus","orientalis","Oriental Marbled Skipper","LC","LC",,,,,,,
"Carcharodus stauderi","Hesperiidae","Pyrginae",43,"Reverdin, 1913","Carcharodus","stauderi","False Marbled Skipper","NtA","NtA",,,,,,"EoR",
"Carcharodus tripolinus","Hesperiidae","Pyrginae",35,"(Verity, 1925)","Carcharodus","tripolinus","False Mallow Skipper","LC","LC",,,,,,,
"Carterocephalus palaemon","Hesperiidae","Heteropterinae",18,"(Pallas, 1771)","Carterocephalus","palaemon","Chequered Skipper","LC","LC",,,,,,,
"Carterocephalus silvicola","Hesperiidae","Heteropterinae",17,"(Meigen, 1829)","Carterocephalus","silvicola","Northern Chequered Skipper","LC","LC",,,,,,,
"Catopsilia florella","Pieridae","Coliadinae",73,"(Fabricius, 1775)","Catopsilia","florella","African Migrant","NtA","NtA",,,,,,"EoR",
"Celastrina argiolus","Lycaenidae","Polyommatinae",159,"(Linnaeus, 1758)","Celastrina","argiolus","Holly Blue","LC","LC",,,,,,,
"Charaxes jasius","Nymphalidae","Charaxinae",331,"(Linnaeus, 1767)","Charaxes","jasius","Two-tailed Pasha","LC","LC",,,,,,,
"Chazara briseis","Nymphalidae","Satyrinae",410,"(Linnaeus, 1764)","Chazara","briseis","The Hermit","NT","NT",,"SPEC2",,,,,
"Chazara persephone","Nymphalidae","Satyrinae",412,"(Hübner, 1805)","Chazara","persephone","Great Steppe Grayling","LC","NE",,,,,,,
"Chazara prieuri","Nymphalidae","Satyrinae",411,"(Pierret, 1837)","Chazara","prieuri","Southern Hermit","LC","LC",,,,,,,
"Cigaritis acamas","Lycaenidae","Aphnaeinae",134,"(Klug, 1834)","Cigaritis","acamas","Levantine Leopard","NtA","NtA",,,,,,"EoR",
"Coenonympha amaryllis","Nymphalidae","Satyrinae",339,"(Stoll, 1782)","Coenonympha","amaryllis","suggestion: Stoll's Heath","NtA","NtA",,,,,,"EoR",
"Coenonympha arcania","Nymphalidae","Satyrinae",346,"(Linnaeus, 1760)","Coenonympha","arcania","Pearly Heath","LC","LC",,,,,,,
"Coenonympha corinna","Nymphalidae","Satyrinae",341,"(Hübner, 1804)","Coenonympha","corinna","Corsican Heath","LC","LC",,,"EuropeanEndemic","EUEndemic",,,
"Coenonympha dorus","Nymphalidae","Satyrinae",334,"(Esper, 1782)","Coenonympha","dorus","Dusky Heath","LC","LC",,,,,,,
"Coenonympha gardetta","Nymphalidae","Satyrinae",344,"(de Prunner, 1798)","Coenonympha","gardetta","Alpine Heath","LC","LC",,,"EuropeanEndemic",,,,
"Coenonympha glycerion","Nymphalidae","Satyrinae",340,"(Borkhausen, 1788)","Coenonympha","glycerion","Chestnut Heath","LC","LC",,,,,,,
"Coenonympha hero","Nymphalidae","Satyrinae",343,"(Linnaeus, 1760)","Coenonympha","hero","Scarce Heath","VU","VU","IV","SPEC1",,,,,
"Coenonympha leander","Nymphalidae","Satyrinae",342,"(Esper, 1784)","Coenonympha","leander","Russian Heath","LC","LC",,,,,,,
"Coenonympha oedippus","Nymphalidae","Satyrinae",333,"(Fabricius, 1787)","Coenonympha","oedippus","False Ringlet","EN","LC","II+IV","SPEC1",,,,,
"Coenonympha orientalis","Nymphalidae","Satyrinae",345,"Rebel, 1909","Coenonympha","orientalis","Balkan Heath","VU","DD",,"SPEC1","EuropeanEndemic",,,,
"Coenonympha pamphilus","Nymphalidae","Satyrinae",336,"(Linnaeus, 1758)","Coenonympha","pamphilus","Small Heath","LC","LC",,,,,,,
"Coenonympha phryne","Nymphalidae","Satyrinae",332,"(Pallas, 1771)","Coenonympha","phryne","Siberian Brown","CR","NE",,"SPEC1",,,,,
"Coenonympha rhodopensis","Nymphalidae","Satyrinae",338,"Elwes, 1900","Coenonympha","rhodopensis","Eastern Large Heath","LC","LC",,,"EuropeanEndemic",,,,
"Coenonympha thyrsis","Nymphalidae","Satyrinae",335,"(Freyer, 1845)","Coenonympha","thyrsis","Cretan Small Heath","LC","LC",,,"EuropeanEndemic","EUEndemic","Greece",,
"Coenonympha tullia","Nymphalidae","Satyrinae",337,"(Müller, 1764)","Coenonympha","tullia","Large Heath","VU","NT",,"SPEC1",,,,,
"Colias alfacariensis","Pieridae","Coliadinae",75,"Ribbe, 1905","Colias","alfacariensis","Berger's Clouded Yellow","LC","LC",,,,,,,
"Colias aurorina","Pieridae","Coliadinae",77,"Herrich-Schäffer, 1850","Colias","aurorina","Greek Clouded Yellow","LC","LC",,,,,,,
"Colias caucasica","Pieridae","Coliadinae",82,"Staudinger, 1871","Colias","caucasica","Balkan Clouded Yellow","LC","LC",,,,,,,
"Colias chrysotheme","Pieridae","Coliadinae",78,"(Esper, 1781)","Colias","chrysotheme","Lesser Clouded Yellow","VU","VU",,"SPEC1",,,,,
"Colias crocea","Pieridae","Coliadinae",80,"(Geoffroy, 1785)","Colias","crocea","Clouded Yellow","LC","LC",,,,,,,
"Colias erate","Pieridae","Coliadinae",79,"(Esper, 1805)","Colias","erate","Eastern Pale Clouded Yellow","LC","LC",,,,,,,
"Colias hecla","Pieridae","Coliadinae",85,"Lefèbvre, 1836","Colias","hecla","Northern Clouded Yellow","NT","NT",,"SPEC2",,,,,
"Colias hyale","Pieridae","Coliadinae",74,"(Linnaeus, 1758)","Colias","hyale","Pale Clouded Yellow","LC","LC",,,,,,,
"Colias myrmidone","Pieridae","Coliadinae",81,"(Esper, 1781)","Colias","myrmidone","Danube Clouded Yellow","EN","CR","II+IV","SPEC1",,,,,
"Colias palaeno","Pieridae","Coliadinae",83,"(Linnaeus, 1760)","Colias","palaeno","Moorland Clouded Yellow","LC","LC",,"SPEC4",,,,,
"Colias phicomone","Pieridae","Coliadinae",76,"(Esper, 1780)","Colias","phicomone","Mountain Clouded Yellow","NT","NT",,"SPEC2","EuropeanEndemic",,,,
"Colias tyche","Pieridae","Coliadinae",84,"(Böber, 1812)","Colias","tyche","Pale Arctic Clouded Yellow","LC","LC",,"SPEC3",,,,,
"Colotis evagore","Pieridae","Pierinae",86,"(Klug, 1829)","Colotis","evagore","Desert Orange-tip","NtA","NtA",,,,,,,
"Cupido alcetas","Lycaenidae","Polyommatinae",185,"(Hoffmansegg, 1804)","Cupido","alcetas","Provençal Short-tailed Blue","LC","LC",,,,,,,
"Cupido argiades","Lycaenidae","Polyommatinae",182,"(Pallas, 1771)","Cupido","argiades","Short-tailed Blue","LC","LC",,,,,,,
"Cupido decoloratus","Lycaenidae","Polyommatinae",184,"(Staudinger, 1886)","Cupido","decoloratus","Eastern Short-tailed Blue","NT","LC",,"SPEC2",,,,,
"Cupido lorquinii","Lycaenidae","Polyommatinae",188,"(Herrich-Schäffer, 1850)","Cupido","lorquinii","Lorquin's Blue","LC","LC",,,,,,,
"Cupido minimus","Lycaenidae","Polyommatinae",187,"(Fuessly, 1775)","Cupido","minimus","Little Blue","LC","LC",,,,,,,
"Cupido osiris","Lycaenidae","Polyommatinae",186,"(Meigen, 1829)","Cupido","osiris","Osiris Blue","LC","LC",,,,,,,
"Cyaniris semiargus","Lycaenidae","Polyommatinae",210,"(Rottemburg, 1775)","Cyaniris","semiargus","Mazarine Blue","LC","LC",,,,,,,
"Cyclyrius webbianus","Lycaenidae","Polyommatinae",154,"(Brullé, 1839)","Cyclyrius","webbianus","Canary Blue","LC","LC",,,"EuropeanEndemic","EUEndemic","Canary Islands",,
"Danaus chrysippus","Nymphalidae","Danainae",330,"(Linnaeus, 1758)","Danaus","chrysippus","Plain Tiger","NtA","NtA",,,,,,"EoR",
"Danaus plexippus","Nymphalidae","Danainae",329,"(Linnaeus, 1758)","Danaus","plexippus","Monarch","NtA","NtA",,,,,,"EoR",
"Erebia aethiopella","Nymphalidae","Satyrinae",472,"(Hoffmansegg, 1806)","Erebia","aethiopella","False Mnestra Ringlet","LC","LC",,,"EuropeanEndemic","EUEndemic",,,
"Erebia aethiops","Nymphalidae","Satyrinae",482,"(Esper, 1777)","Erebia","aethiops","Scotch Argus","LC","LC",,,,,,,
"Erebia albergana","Nymphalidae","Satyrinae",476,"(de Prunner, 1798)","Erebia","albergana","Almond-eyed Ringlet","LC","LC",,,"EuropeanEndemic",,,,
"Erebia arvernensis","Nymphalidae","Satyrinae",461,"Oberthür, 1908","Erebia","arvernensis","Western Brassy Ringlet",,,,,"EuropeanEndemic","EUEndemic",,,
"Erebia calcarius","Nymphalidae","Satyrinae",460,"Lorkovic, 1953","Erebia","calcarius","Lorkovic's Brassy Ringlet","LC","LC","II+IV",,"EuropeanEndemic","EUEndemic",,,
"Erebia callias","Nymphalidae","Satyrinae",455,"Edwards, 1871","Erebia","callias","Colorado Alpine",,,,,,,,"EoR",
"Erebia cassioides","Nymphalidae","Satyrinae",457,"(Hohenwarth, 1792)","Erebia","cassioides","Common Brassy Ringlet","LC","LC",,,"EuropeanEndemic",,,,
"Erebia christi","Nymphalidae","Satyrinae",484,"Rätzer, 1890","Erebia","christi","Rätzer's Ringlet","VU","VU","II+IV","SPEC1","EuropeanEndemic",,,,
"Erebia claudina","Nymphalidae","Satyrinae",450,"(Borkhausen, 1789)","Erebia","claudina","White-speck Ringlet","NT","NT",,"SPEC2","EuropeanEndemic","EUEndemic",,,
"Erebia cyclopius","Nymphalidae","Satyrinae",444,"(Eversmann, 1844)","Erebia","cyclopius","suggestion: One-eyed Ringlet","NtA","NtA",,,,,,"EoR",
"Erebia dabanensis","Nymphalidae","Satyrinae",448,"Erschoff, 1872","Erebia","dabanensis","Four-dotted Alpine","NtA","NtA",,,,,,"EoR",
"Erebia disa","Nymphalidae","Satyrinae",446,"(Thunberg, 1791)","Erebia","disa","Arctic Ringlet","LC","LC",,,,,,,
"Erebia discoidalis","Nymphalidae","Satyrinae",442,"(Kirby, 1837)","Erebia","discoidalis","Red-disked Alpine","LC","NE",,,,,,,
"Erebia edda","Nymphalidae","Satyrinae",440,"Ménétriés, 1851","Erebia","edda","suggestion: XX Ringlet","NtA","NtA",,,,,,"EoR",
"Erebia embla","Nymphalidae","Satyrinae",445,"(Thunberg, 1791)","Erebia","embla","Lapland Ringlet","LC","LC",,"SPEC3",,,,,
"Erebia epiphron","Nymphalidae","Satyrinae",486,"(Knoch, 1783)","Erebia","epiphron","Mountain Ringlet","LC","LC",,,"EuropeanEndemic",,,,
"Erebia epistygne","Nymphalidae","Satyrinae",467,"(Hübner, 1819)","Erebia","epistygne","Spring Ringlet","NT","NT",,"SPEC2","EuropeanEndemic","EUEndemic",,,
"Erebia eriphyle","Nymphalidae","Satyrinae",466,"(Freyer, 1836)","Erebia","eriphyle","Eriphyle Ringlet","LC","LC",,,"EuropeanEndemic",,,,
"Erebia euryale","Nymphalidae","Satyrinae",468,"(Esper, 1805)","Erebia","euryale","Large Ringlet","LC","LC",,,,,,,
"Erebia fasciata","Nymphalidae","Satyrinae",441,"Butler, 1868","Erebia","fasciata","Banded Alpine","NtA","NtA",,,,,,"EoR",
"Erebia flavofasciata","Nymphalidae","Satyrinae",487,"Heyne, 1895","Erebia","flavofasciata","Yellow-banded Ringlet","NT","NT",,"SPEC2","EuropeanEndemic",,,,
"Erebia gorge","Nymphalidae","Satyrinae",463,"(Hübner, 1804)","Erebia","gorge","Silky Ringlet","LC","LC",,,"EuropeanEndemic",,,,
"Erebia gorgone","Nymphalidae","Satyrinae",473,"Boisduval, 1833","Erebia","gorgone","Gavarnie Ringlet","LC","LC",,,"EuropeanEndemic",,,,
"Erebia hispania","Nymphalidae","Satyrinae",453,"Butler, 1868","Erebia","hispania","Spanish Brassy Ringlet","LC","LC",,,"EuropeanEndemic",,,,
"Erebia jeniseiensis","Nymphalidae","Satyrinae",449,"Trybom, 1877","Erebia","jeniseiensis","suggestion: XX Ringlet","NtA","NtA",,,,,,"EoR",
"Erebia lefebvrei","Nymphalidae","Satyrinae",494,"(Boisduval, 1828)","Erebia","lefebvrei","Lefèbvre's Ringlet","LC","LC",,,"EuropeanEndemic",,,,
"Erebia ligea","Nymphalidae","Satyrinae",470,"(Linnaeus, 1758)","Erebia","ligea","Arran Brown","LC","LC",,,,,,,
"Erebia manto","Nymphalidae","Satyrinae",451,"([Denis & Schiffermüller], 1775)","Erebia","manto","Yellow-spotted Ringlet","LC","LC",,"SPEC3","EuropeanEndemic",,,,
"Erebia medusa","Nymphalidae","Satyrinae",481,"([Denis & Schiffermüller], 1775)","Erebia","medusa","Woodland Ringlet","LC","LC",,,,,,,
"Erebia melampus","Nymphalidae","Satyrinae",478,"(Fuessly, 1775)","Erebia","melampus","Lesser Mountain Ringlet","LC","LC",,,"EuropeanEndemic",,,,
"Erebia melas","Nymphalidae","Satyrinae",493,"(Herbst, 1796)","Erebia","melas","Black Ringlet","LC","LC",,,"EuropeanEndemic",,,,
"Erebia meolans","Nymphalidae","Satyrinae",447,"(de Prunner, 1798)","Erebia","meolans","Piedmont Ringlet","LC","LC",,,"EuropeanEndemic",,,,
"Erebia mnestra","Nymphalidae","Satyrinae",475,"(Hübner, 1804)","Erebia","mnestra","Mnestra's Ringlet","LC","LC",,,"EuropeanEndemic",,,,
"Erebia montana","Nymphalidae","Satyrinae",488,"(de Prunner, 1798)","Erebia","montana","Marbled Ringlet","LC","LC",,,"EuropeanEndemic",,,,
"Erebia neleus","Nymphalidae","Satyrinae",459,"(Freyer, 1832)","Erebia","neleus","suggestion: XX Ringlet",,,,,"EuropeanEndemic","EUEndemic",,,
"Erebia neoridas","Nymphalidae","Satyrinae",496,"(Boisduval, 1828)","Erebia","neoridas","Autumn Ringlet","LC","LC",,,"EuropeanEndemic",,,,
"Erebia nivalis","Nymphalidae","Satyrinae",458,"Lorkovic & Lesse, 1954","Erebia","nivalis","De Lesse's Brassy Ringlet","LC","LC",,,"EuropeanEndemic",,,,
"Erebia oeme","Nymphalidae","Satyrinae",462,"(Hübner, 1804)","Erebia","oeme","Bright-eyed Ringlet","LC","LC",,,"EuropeanEndemic",,,,
"Erebia orientalis","Nymphalidae","Satyrinae",485,"Elwes, 1900","Erebia","orientalis","Bulgarian Ringlet","LC","LC",,,"EuropeanEndemic",,,,
"Erebia ottomana","Nymphalidae","Satyrinae",452,"Herrich-Schäffer, 1847","Erebia","ottomana","Ottoman Brassy Ringlet","LC","LC",,,,,,,
"Erebia palarica","Nymphalidae","Satyrinae",469,"Chapman, 1905","Erebia","palarica","Chapman's Ringlet","LC","LC",,,"EuropeanEndemic","EUEndemic","Spain",,
"Erebia pandrose","Nymphalidae","Satyrinae",465,"(Borkhausen, 1788)","Erebia","pandrose","Dewy Ringlet","LC","LC",,,,,,,
"Erebia pharte","Nymphalidae","Satyrinae",483,"(Hübner, 1804)","Erebia","pharte","Blind Ringlet","LC","LC",,,"EuropeanEndemic",,,,
"Erebia pluto","Nymphalidae","Satyrinae",471,"(de Prunner, 1798)","Erebia","pluto","Sooty Ringlet","LC","LC",,,"EuropeanEndemic",,,,
"Erebia polaris","Nymphalidae","Satyrinae",480,"Staudinger, 1861","Erebia","polaris","Arctic Woodland Ringlet","LC","LC","II",,,,,,
"Erebia pronoe","Nymphalidae","Satyrinae",492,"(Esper, 1780)","Erebia","pronoe","Water Ringlet","LC","LC",,,"EuropeanEndemic",,,,
"Erebia rhodopensis","Nymphalidae","Satyrinae",474,"Nicholl, 1900","Erebia","rhodopensis","Nicholl's Ringlet","LC","LC",,,"EuropeanEndemic",,,,
"Erebia rondoui","Nymphalidae","Satyrinae",454,"Oberthür, 1908","Erebia","rondoui","Pyrenees Brassy Ringlet","LC","LC",,,"EuropeanEndemic","EUEndemic",,,
"Erebia rossii","Nymphalidae","Satyrinae",443,"(Curtis, 1835)","Erebia","rossii","Arctic Alpine Ringlet","NtA","NtA",,,,,,,
"Erebia scipio","Nymphalidae","Satyrinae",491,"Boisduval, 1833","Erebia","scipio","Larche Ringlet","LC","LC",,,"EuropeanEndemic","EUEndemic",,,
"Erebia sthennyo","Nymphalidae","Satyrinae",464,"Graslin, 1850","Erebia","sthennyo","False Dewy Ringlet","LC","LC",,,"EuropeanEndemic","EUEndemic",,,
"Erebia stiria","Nymphalidae","Satyrinae",490,"(Godart, 1824)","Erebia","stiria","Styrian Ringlet","LC","LC",,,"EuropeanEndemic",,,,
"Erebia styx","Nymphalidae","Satyrinae",489,"(Freyer, 1834)","Erebia","styx","Stygian Ringlet","LC","LC",,,"EuropeanEndemic",,,,
"Erebia sudetica","Nymphalidae","Satyrinae",477,"Staudinger, 1861","Erebia","sudetica","Sudeten Ringlet","VU","VU","IV","SPEC1","EuropeanEndemic",,,,
"Erebia triarius","Nymphalidae","Satyrinae",479,"(de Prunner, 1798)","Erebia","triarius","de Prunner's Ringlet","LC","LC",,,"EuropeanEndemic",,,,
"Erebia tyndarus","Nymphalidae","Satyrinae",456,"(Esper, 1781)","Erebia","tyndarus","Swiss Brassy Ringlet","LC","LC",,,"EuropeanEndemic",,,,
"Erebia zapateri","Nymphalidae","Satyrinae",495,"Oberthür, 1875","Erebia","zapateri","Zapater's Ringlet","LC","LC",,,"EuropeanEndemic","EUEndemic","Spain",,
"Erynnis marloyi","Hesperiidae","Pyrginae",46,"(Boisduval, 1834)","Erynnis","marloyi","Inky Skipper","LC","LC",,,,,,,
"Erynnis tages","Hesperiidae","Pyrginae",45,"(Linnaeus, 1758)","Erynnis","tages","Dingy Skipper","LC","LC",,,,,,,
"Euchloe ausonia","Pieridae","Pierinae",110,"(Hübner, 1804)","Euchloe","ausonia","Eastern Dappled White","LC","LC",,,,,,,
"Euchloe bazae","Pieridae","Pierinae",113,"Fabiano, 1993","Euchloe","bazae","Spanish Greenish Black-tip","VU","VU",,"SPEC1","EuropeanEndemic","EUEndemic","Spain",,
"Euchloe belemia","Pieridae","Pierinae",106,"(Esper, 1800)","Euchloe","belemia","Green-striped White","LC","LC",,,,,,,
"Euchloe charlonia","Pieridae","Pierinae",111,"(Donzel, 1842)","Euchloe","charlonia","Greenish Black-tip","LC","LC",,,,,,"EoR",
"Euchloe crameri","Pieridae","Pierinae",108,"Butler, 1869","Euchloe","crameri","Western Dappled White","LC","LC",,,,,,,
"Euchloe eversi","Pieridae","Pierinae",103,"Stamm, 1963","Euchloe","eversi","Tenerife Green-striped White","LC","LC",,,"EuropeanEndemic","EUEndemic","Canary Islands",,
"Euchloe grancanariensis","Pieridae","Pierinae",104,"Acosta, 2008","Euchloe","grancanariensis","Gran Canaria Green-striped White","LC","LC",,,"EuropeanEndemic","EUEndemic","Canary Islands",,
"Euchloe hesperidum","Pieridae","Pierinae",105,"Rothschild, 1913","Euchloe","hesperidum","Fuerteventura Green-striped White","LC","LC",,,"EuropeanEndemic","EUEndemic","Canary Islands",,
"Euchloe insularis","Pieridae","Pierinae",107,"(Staudinger, 1861)","Euchloe","insularis","Corsican Dappled White","LC","LC",,,"EuropeanEndemic","EUEndemic",,,
"Euchloe penia","Pieridae","Pierinae",112,"(Freyer, 1851)","Euchloe","penia","Eastern Greenish Black-tip","LC","LC",,,,,,,
"Euchloe simplonia","Pieridae","Pierinae",109,"(Freyer, 1829)","Euchloe","simplonia","Mountain Dappled White","LC","LC",,,"EuropeanEndemic",,,,
"Euchloe tagis","Pieridae","Pierinae",102,"(Hübner, 1804)","Euchloe","tagis","Portuguese Dappled White","LC","LC",,,,,,,
"Eumedonia eumedon","Lycaenidae","Polyommatinae",203,"(Esper, 1780)","Eumedonia","eumedon","Geranium argus","LC","LC",,,,,,,
"Euphydryas aurinia","Nymphalidae","Melitaeinae",307,"(Rottemburg, 1775)","Euphydryas","aurinia","Marsh Fritillary","LC","LC","II","SPEC4",,,,,
"Euphydryas cynthia","Nymphalidae","Melitaeinae",308,"([Denis & Schiffermüller], 1775)","Euphydryas","cynthia","Cynthia's Fritillary","LC","LC",,,"EuropeanEndemic",,,,
"Euphydryas desfontainii","Nymphalidae","Melitaeinae",306,"(Godart, 1819)","Euphydryas","desfontainii","Spanish Fritillary","NT","NT",,"SPEC2",,,,,
"Euphydryas iduna","Nymphalidae","Melitaeinae",309,"(Dalman, 1816)","Euphydryas","iduna","Lapland Fritillary","NT","NT",,"SPEC2",,,,,
"Euphydryas intermedia","Nymphalidae","Melitaeinae",311,"(Ménétriés, 1859)","Euphydryas","intermedia","Asian Fritillary","LC","LC",,,,,,,
"Euphydryas maturna","Nymphalidae","Melitaeinae",310,"(Linnaeus, 1758)","Euphydryas","maturna","Scarce Fritillary","VU","LC","II+IV","SPEC1",,,,,
"Fabriciana adippe","Nymphalidae","Heliconiinae",267,"([Denis & Schiffermüller], 1775)","Fabriciana","adippe","High Brown Fritillary","LC","LC",,,,,,,
"Fabriciana elisa","Nymphalidae","Heliconiinae",265,"(Godart, 1823)","Fabriciana","elisa","Corsican Fritillary","LC","LC","IV",,"EuropeanEndemic","EUEndemic",,,
"Fabriciana niobe","Nymphalidae","Heliconiinae",266,"(Linnaeus, 1758)","Fabriciana","niobe","Niobe Fritillary","LC","NT",,"SPEC3",,,,,
"Favonius quercus","Lycaenidae","Theclinae",136,"(Linnaeus, 1758)","Favonius","quercus","Purple Hairstreak","LC","LC",,,,,,,
"Freyeria trochylus","Lycaenidae","Polyommatinae",190,"(Freyer, 1844)","Freyeria","trochylus","Grass Jewel","LC","LC",,,,,,,
"Gegenes nostrodamus","Hesperiidae","Hesperiinae",22,"(Fabricius, 1793)","Gegenes","nostrodamus","Mediterranean Skipper","LC","LC",,,,,,,
"Gegenes pumilio","Hesperiidae","Hesperiinae",21,"(Hoffmansegg, 1804)","Gegenes","pumilio","Pigmy Skipper","LC","LC",,,,,,,
"Glabroculus cyane","Lycaenidae","Polyommatinae",211,"(Eversmann, 1837)","Glabroculus","cyane","suggestion:","NtA","NtA",,,,,,"EoR",
"Glaucopsyche alexis","Lycaenidae","Polyommatinae",179,"(Poda, 1761)","Glaucopsyche","alexis","Green-underside Blue","LC","LC",,"SPEC3",,,,,
"Glaucopsyche melanops","Lycaenidae","Polyommatinae",177,"(Boisduval, 1828)","Glaucopsyche","melanops","Black-eyed Blue","LC","LC",,,,,,,
"Glaucopsyche paphos","Lycaenidae","Polyommatinae",178,"Chapman, 1920","Glaucopsyche","paphos","Paphos Blue","LC","LC",,,"EuropeanEndemic","EUEndemic","Cyprus",,
"Gonepteryx cleobule","Pieridae","Coliadinae",69,"(Hübner, 1831)","Gonepteryx","cleobule","Canary Brimstone","VU","VU",,"SPEC1","EuropeanEndemic","EUEndemic","Canary Islands",,
"Gonepteryx cleopatra","Pieridae","Coliadinae",70,"(Linnaeus, 1767)","Gonepteryx","cleopatra","Cleopatra","LC","LC",,,,,,,
"Gonepteryx farinosa","Pieridae","Coliadinae",72,"(Zeller, 1847)","Gonepteryx","farinosa","Powdered Brimstone","LC","LC",,,,,,,
"Gonepteryx maderensis","Pieridae","Coliadinae",71,"Felder, 1862","Gonepteryx","maderensis","Madeira Brimstone","EN","EN",,"SPEC1","EuropeanEndemic","EUEndemic","Madeira Islands",,
"Gonepteryx rhamni","Pieridae","Coliadinae",68,"(Linnaeus, 1758)","Gonepteryx","rhamni","Brimstone","LC","LC",,,,,,,
"Hamearis lucina","Riodinidae","Nemeobiinae",120,"(Linnaeus, 1758)","Hamearis","lucina","Duke Of Burgundy","LC","LC",,"SPEC3",,,,,
"Hesperia comma","Hesperiidae","Hesperiinae",24,"(Linnaeus, 1758)","Hesperia","comma","Silver-spotted Skipper","LC","LC",,"SPEC3",,,,,
"Heteropterus morpheus","Hesperiidae","Heteropterinae",16,"(Pallas, 1771)","Heteropterus","morpheus","Large Chequered Skipper","LC","LC",,,,,,,
"Hipparchia aristaeus","Nymphalidae","Satyrinae",386,"(Bonelli, 1826)","Hipparchia","aristaeus","Southern Grayling","LC","LC",,,"EuropeanEndemic","EUEndemic",,,
"Hipparchia autonoe","Nymphalidae","Satyrinae",375,"(Esper, 1783)","Hipparchia","autonoe","suggestion:","LC","NE",,,,,,,
"Hipparchia azorina","Nymphalidae","Satyrinae",381,"(Strecker, 1899)","Hipparchia","azorina","Azores Grayling","LC","LC",,,"EuropeanEndemic","EUEndemic","Azores",,
"Hipparchia bacchus","Nymphalidae","Satyrinae",369,"(Higgins, 1967)","Hipparchia","bacchus","El Hierro Grayling","VU","VU",,"SPEC1","EuropeanEndemic","EUEndemic","Canary Islands",,
"Hipparchia blachieri","Nymphalidae","Satyrinae",385,"(Fruhstorfer, 1908)","Hipparchia","blachieri","Sicilian Grayling",,,,,"EuropeanEndemic","EUEndemic",,,
"Hipparchia christenseni","Nymphalidae","Satyrinae",394,"Kudrna, 1977","Hipparchia","christenseni","Karpathos Grayling","LC","LC",,,"EuropeanEndemic","EUEndemic","Greece - Karpathos",,
"Hipparchia cretica","Nymphalidae","Satyrinae",393,"(Rebel, 1916)","Hipparchia","cretica","Cretan Grayling","LC","LC",,,"EuropeanEndemic","EUEndemic","Greece - Crete",,
"Hipparchia cypriensis","Nymphalidae","Satyrinae",392,"(Holik, 1949)","Hipparchia","cypriensis","Cyprus Grayling","LC","LC",,,"EuropeanEndemic","EUEndemic","Cyprus",,
"Hipparchia fagi","Nymphalidae","Satyrinae",378,"(Scopoli, 1763)","Hipparchia","fagi","Woodland Grayling","NT","NT",,"SPEC2","EuropeanEndemic",,,,
"Hipparchia fatua","Nymphalidae","Satyrinae",366,"Freyer, 1843","Hipparchia","fatua","Freyer's Grayling","LC","LC",,,,,,,
"Hipparchia fidia","Nymphalidae","Satyrinae",373,"(Linnaeus, 1767)","Hipparchia","fidia","Striped Grayling","LC","LC",,,,,,,
"Hipparchia gomera","Nymphalidae","Satyrinae",372,"(Higgins, 1967)","Hipparchia","gomera","suggestion: La Gomera Grayling","LC","LC",,,"EuropeanEndemic","EUEndemic","Canary Islands",,
"Hipparchia hermione","Nymphalidae","Satyrinae",376,"(Linnaeus, 1764)","Hipparchia","hermione","Rock Grayling","NT","NT",,"SPEC2",,,,,
"Hipparchia leighebi","Nymphalidae","Satyrinae",389,"Kudrna, 1976","Hipparchia","leighebi","Eolian Grayling","NT","NT",,"SPEC2","EuropeanEndemic","EUEndemic","Italy - Aeolian Islands",,
"Hipparchia maderensis","Nymphalidae","Satyrinae",383,"(Bethune-Baker, 1891)","Hipparchia","maderensis","Madeirean Grayling","LC","LC",,"SPEC3","EuropeanEndemic","EUEndemic","Madeira Islands",,
"Hipparchia mersina","Nymphalidae","Satyrinae",379,"(Staudinger, 1871)","Hipparchia","mersina","Samos Grayling","NtA","NtA",,,,,,"EoR",
"Hipparchia miguelensis","Nymphalidae","Satyrinae",380,"(Le Cerf, 1935)","Hipparchia","miguelensis","Le Cerf's Grayling","LC","LC",,,"EuropeanEndemic","EUEndemic","Azores",,
"Hipparchia neapolitana","Nymphalidae","Satyrinae",388,"(Stauder, 1921)","Hipparchia","neapolitana","Italian Grayling","LC","LC",,,"EuropeanEndemic","EUEndemic","Italy",,
"Hipparchia neomiris","Nymphalidae","Satyrinae",374,"(Godart, 1823)","Hipparchia","neomiris","Corsican Grayling","LC","LC",,,"EuropeanEndemic","EUEndemic",,,
"Hipparchia pellucida","Nymphalidae","Satyrinae",390,"(Stauder, 1924)","Hipparchia","pellucida","Lesbos Grayling","LC","LC",,,,,,"EoR",
"Hipparchia sbordonii","Nymphalidae","Satyrinae",391,"Kudrna, 1984","Hipparchia","sbordonii","Ponza Grayling","NT","NT",,"SPEC2","EuropeanEndemic","EUEndemic","Italy - Ponza Islands",,
"Hipparchia semele","Nymphalidae","Satyrinae",384,"(Linnaeus, 1758)","Hipparchia","semele","Grayling","LC","LC",,,"EuropeanEndemic",,,,
"Hipparchia senthes","Nymphalidae","Satyrinae",382,"(Fruhstorfer, 1908)","Hipparchia","senthes","Balkan Grayling","LC","LC",,,,,,,
"Hipparchia statilinus","Nymphalidae","Satyrinae",367,"(Hufnagel, 1766)","Hipparchia","statilinus","Tree Grayling","NT","NT",,"SPEC2",,,,,
"Hipparchia syriaca","Nymphalidae","Satyrinae",377,"(Staudinger, 1871)","Hipparchia","syriaca","Eastern Rock Grayling","LC","LC",,,,,,,
"Hipparchia tamadabae","Nymphalidae","Satyrinae",371,"Owen & Smith, 1992","Hipparchia","tamadabae","suggestion: Gran Canaria Grayling","LC","LC",,,"EuropeanEndemic","EUEndemic","Canary Islands",,
"Hipparchia tilosi","Nymphalidae","Satyrinae",368,"Manil, 1984","Hipparchia","tilosi","suggestion: La Palma Grayling","VU","VU",,"SPEC1","EuropeanEndemic","EUEndemic","Canary Islands",,
"Hipparchia volgensis","Nymphalidae","Satyrinae",387,"(Mazokhin-Porshnyakov, 1952)","Hipparchia","volgensis","Delattin's Grayling","LC","LC",,,"EuropeanEndemic",,,,
"Hipparchia wyssii","Nymphalidae","Satyrinae",370,"(Christ, 1889)","Hipparchia","wyssii","Tenerife Grayling","LC","LC",,,"EuropeanEndemic","EUEndemic","Canary Islands",,
"Hypolimnas misippus","Nymphalidae","Nymphalinae",305,"(Linnaeus, 1764)","Hypolimnas","misippus","False Plain Tiger",,,,,,,,"EoR",
"Hyponephele huebneri","Nymphalidae","Satyrinae",426,"Koçak, 1980","Hyponephele","huebneri","suggestion:","NtA","NtA",,,,,,"EoR",
"Hyponephele lupina","Nymphalidae","Satyrinae",428,"(Costa, 1836)","Hyponephele","lupina","Oriental Meadow Brown","LC","LC",,,,,,,
"Hyponephele lycaon","Nymphalidae","Satyrinae",427,"(Kühn, 1774)","Hyponephele","lycaon","Dusky Steppe Brown","LC","LC",,"SPEC3",,,,,
"Iolana debilitata","Lycaenidae","Polyommatinae",176,"(Schultz, 1905)","Iolana","debilitata","suggestion: Spanish Iolas Blue",,,,,,,,,
"Iolana iolas","Lycaenidae","Polyommatinae",175,"(Ochsenheimer, 1816)","Iolana","iolas","Iolas Blue","NT","NT",,"SPEC2",,,,,
"Iphiclides feisthamelii","Papilionidae","Papilioninae",2,"(Duponchel, 1832)","Iphiclides","feisthamelii","Iberian Scarce Swallowtail",,,,,,,,,
"Iphiclides podalirius","Papilionidae","Papilioninae",1,"(Linnaeus, 1758)","Iphiclides","podalirius","Scarce Swallowtail","LC","LC",,,,,,,
"Issoria eugenia","Nymphalidae","Heliconiinae",257,"(Eversmann, 1847)","Issoria","eugenia","suggestion:","NtA","NtA",,,,,,"EoR",
"Issoria lathonia","Nymphalidae","Heliconiinae",256,"(Linnaeus, 1758)","Issoria","lathonia","Queen of Spain Fritillary","LC","LC",,,,,,,
"Kirinia climene","Nymphalidae","Satyrinae",348,"(Esper, 1783)","Kirinia","climene","Lesser Lattice Brown","LC","LC",,,,,,,
"Kirinia roxelana","Nymphalidae","Satyrinae",347,"(Cramer, 1777)","Kirinia","roxelana","Lattice Brown","LC","LC",,,,,,,
"Kretania eurypilus","Lycaenidae","Polyommatinae",206,"(Freyer, 1851)","Kretania","eurypilus","Eastern Brown Argus","NtA","NtA",,,,,,"EoR",
"Kretania hesperica","Lycaenidae","Polyommatinae",205,"(Rambur, 1839)","Kretania","hesperica","Spanish Zephyr Blue","LC","LC",,"SPEC4","EuropeanEndemic","EUEndemic","Spain",,
"Kretania psylorita","Lycaenidae","Polyommatinae",204,"(Freyer, 1845)","Kretania","psylorita","Cretan Argus","LC","LC",,,"EuropeanEndemic","EUEndemic","Greece - Crete",,
"Kretania pylaon","Lycaenidae","Polyommatinae",209,"(Fischer, 1832)","Kretania","pylaon","Fischer's Blue","NT","NE",,"SPEC2",,,,,
"Kretania sephirus","Lycaenidae","Polyommatinae",208,"(Frivaldszky, 1835)","Kretania","sephirus","Zephyr Blue","LC","LC",,"SPEC4",,,,,
"Kretania trappi","Lycaenidae","Polyommatinae",207,"(Verity, 1927)","Kretania","trappi","Alpine Zephyr Blue","NT","LC",,"SPEC2","EuropeanEndemic",,,,
"Laeosopis roboris","Lycaenidae","Theclinae",137,"(Esper, 1789)","Laeosopis","roboris","Spanish Purple Hairstreak","LC","LC",,,"EuropeanEndemic","EUEndemic",,,
"Lampides boeticus","Lycaenidae","Polyommatinae",157,"(Linnaeus, 1767)","Lampides","boeticus","Long-tailed Blue","LC","LC",,,,,,,
"Lasiommata deidamia","Nymphalidae","Satyrinae",354,"(Eversmann, 1851)","Lasiommata","deidamia","suggestion:","NtA","NtA",,,,,,"EoR",
"Lasiommata maera","Nymphalidae","Satyrinae",353,"(Linnaeus, 1758)","Lasiommata","maera","Large Wall Brown","LC","LC",,,,,,,
"Lasiommata megera","Nymphalidae","Satyrinae",357,"(Linnaeus, 1767)","Lasiommata","megera","Wall Brown","LC","LC",,,,,,,
"Lasiommata paramegaera","Nymphalidae","Satyrinae",356,"(Hübner, 1824)","Lasiommata","paramegaera","Corsican Wall Brown","LC","LC",,,"EuropeanEndemic","EUEndemic",,,
"Lasiommata petropolitana","Nymphalidae","Satyrinae",355,"(Fabricius, 1787)","Lasiommata","petropolitana","Northern Wall Brown","LC","LC",,,,,,,
"Leptidea duponcheli","Pieridae","Dismorphiinae",63,"(Staudinger, 1871)","Leptidea","duponcheli","Eastern Wood White","LC","LC",,,,,,,
"Leptidea juvernica","Pieridae","Dismorphiinae",65,"Williams, 1946","Leptidea","juvernica","Cryptic Wood White",,,,,,,,,
"Leptidea morsei","Pieridae","Dismorphiinae",64,"(Fenton, 1882)","Leptidea","morsei","Fenton's Wood White","NT","EN","II+IV","SPEC2",,,,,
"Leptidea reali","Pieridae","Dismorphiinae",67,"Reissinger, 1990","Leptidea","reali","Réal's Wood White","LC","LC",,,,,,,
"Leptidea sinapis","Pieridae","Dismorphiinae",66,"(Linnaeus, 1758)","Leptidea","sinapis","Wood White","LC","LC",,,,,,,
"Leptotes pirithous","Lycaenidae","Polyommatinae",153,"(Linnaeus, 1767)","Leptotes","pirithous","Lang's Short-tailed Blue","LC","LC",,,,,,,
"Libythea celtis","Nymphalidae","Libytheinae",328,"(Laicharting, 1782)","Libythea","celtis","Nettle-tree Butterfly","LC","LC",,,,,,,
"Limenitis camilla","Nymphalidae","Limenitidinae",255,"(Linnaeus, 1764)","Limenitis","camilla","White Admiral","LC","LC",,,,,,,
"Limenitis populi","Nymphalidae","Limenitidinae",254,"(Linnaeus, 1758)","Limenitis","populi","Poplar Admiral","LC","NT",,,,,,,
"Limenitis reducta","Nymphalidae","Limenitidinae",253,"Staudinger, 1901","Limenitis","reducta","Southern White Admiral","LC","LC",,,,,,,
"Lopinga achine","Nymphalidae","Satyrinae",349,"(Scopoli, 1763)","Lopinga","achine","Woodland Brown","VU","VU","IV","SPEC1",,,,,
"Luthrodes galba","Lycaenidae","Polyommatinae",189,"(Lederer, 1855)","Luthrodes","galba","Small Desert Blue","NtA","NtA",,,,,,"EoR",
"Lycaena alciphron","Lycaenidae","Lycaeninae",123,"(Rottemburg, 1775)","Lycaena","alciphron","Purple-shot Copper","LC","NT",,,,,,,
"Lycaena bleusei","Lycaenidae","Lycaeninae",130,"(Oberthür, 1884)","Lycaena","bleusei","Iberian Sooty Copper","LC","LC",,,"EuropeanEndemic","EUEndemic",,,
"Lycaena candens","Lycaenidae","Lycaeninae",128,"(Herrich-Schäffer, 1844)","Lycaena","candens","Balkan Copper","LC","LC",,,,,,,
"Lycaena dimorpha","Lycaenidae","Lycaeninae",121,"(Staudinger, 1881)","Lycaena","dimorpha","suggestion:","NtA","NtA",,,,,,"EoR",
"Lycaena dispar","Lycaenidae","Lycaeninae",126,"([Haworth], 1802)","Lycaena","dispar","Large Copper","LC","LC","II+IV",,,,,,
"Lycaena helle","Lycaenidae","Lycaeninae",122,"([Denis & Schiffermüller], 1775)","Lycaena","helle","Violet Copper","EN","LC","II+IV","SPEC1",,,,,
"Lycaena hippothoe","Lycaenidae","Lycaeninae",127,"(Linnaeus, 1760)","Lycaena","hippothoe","Purple-edged Copper","LC","NT",,"SPEC3",,,,,
"Lycaena ottomana","Lycaenidae","Lycaeninae",129,"(Lefèbvre, 1831)","Lycaena","ottomana","Grecian Copper","LC","LC",,,,,,,
"Lycaena phlaeas","Lycaenidae","Lycaeninae",131,"(Linnaeus, 1760)","Lycaena","phlaeas","Small Copper","LC","LC",,,,,,,
"Lycaena thersamon","Lycaenidae","Lycaeninae",125,"(Esper, 1784)","Lycaena","thersamon","Lesser Fiery Copper","LC","LC",,"SPEC3",,,,,
"Lycaena thetis","Lycaenidae","Lycaeninae",124,"Klug, 1834","Lycaena","thetis","Fiery Copper","NtA","NtA",,,,,,"EoR",
"Lycaena tityrus","Lycaenidae","Lycaeninae",133,"(Poda, 1761)","Lycaena","tityrus","Sooty Copper","LC","LC",,,,,,,
"Lycaena virgaureae","Lycaenidae","Lycaeninae",132,"(Linnaeus, 1758)","Lycaena","virgaureae","Scarce Copper","LC","LC",,,,,,,
"Lysandra albicans","Lycaenidae","Polyommatinae",225,"(Gerhard, 1851)","Lysandra","albicans","Spanish Chalkhill Blue","LC","LC",,,,,,,
"Lysandra bellargus","Lycaenidae","Polyommatinae",222,"(Rottemburg, 1775)","Lysandra","bellargus","Adonis Blue","LC","LC",,,,,,,
"Lysandra caelestissima","Lycaenidae","Polyommatinae",224,"(Verity, 1921)","Lysandra","caelestissima","Azure Chalkhill Blue","LC","LC",,,"EuropeanEndemic","EUEndemic","Spain",,
"Lysandra coridon","Lycaenidae","Polyommatinae",223,"(Poda, 1761)","Lysandra","coridon","Chalkhill Blue","LC","LC",,,"EuropeanEndemic",,,,
"Lysandra corydonius","Lycaenidae","Polyommatinae",221,"(Herrich-Schäffer, 1852)","Lysandra","corydonius","Caucasian Blue","LC","NE",,,,,,,
"Lysandra hispana","Lycaenidae","Polyommatinae",220,"(Herrich-Schäffer, 1851)","Lysandra","hispana","Provence Chalkhill Blue","LC","LC",,,"EuropeanEndemic","EUEndemic",,,
"Maniola chia","Nymphalidae","Satyrinae",435,"Thomson, 1987","Maniola","chia","Chios Meadow Brown","LC","LC",,,"EuropeanEndemic","EUEndemic","Greece - Chios",,
"Maniola cypricola","Nymphalidae","Satyrinae",437,"(Graves, 1928)","Maniola","cypricola","Cyprus Meadow Brown","LC","LC",,,"EuropeanEndemic","EUEndemic","Cyprus",,
"Maniola halicarnassus","Nymphalidae","Satyrinae",439,"Thomson, 1990","Maniola","halicarnassus","Thomson's Meadow Brown","NT","NT",,"SPEC2",,,,,
"Maniola jurtina","Nymphalidae","Satyrinae",433,"(Linnaeus, 1758)","Maniola","jurtina","Meadow Brown","LC","LC",,,,,,,
"Maniola megala","Nymphalidae","Satyrinae",436,"(Oberthür, 1909)","Maniola","megala","Turkish Meadow Brown","NtA","NtA",,,,,,"EoR",
"Maniola nurag","Nymphalidae","Satyrinae",434,"(Ghiliani, 1852)","Maniola","nurag","Sardinian Meadow Brown","LC","LC",,,"EuropeanEndemic","EUEndemic","Italy - Sardinia",,
"Maniola telmessia","Nymphalidae","Satyrinae",438,"(Zeller, 1847)","Maniola","telmessia","Aegean Meadow Brown","LC","LC",,,,,,,
"Melanargia arge","Nymphalidae","Satyrinae",363,"(Sulzer, 1776)","Melanargia","arge","Italian Marbled White","LC","LC","II+IV",,"EuropeanEndemic","EUEndemic","Italy",,
"Melanargia galathea","Nymphalidae","Satyrinae",361,"(Linnaeus, 1758)","Melanargia","galathea","Marbled White","LC","LC",,,,,,,
"Melanargia ines","Nymphalidae","Satyrinae",362,"(Hoffmansegg, 1804)","Melanargia","ines","Spanish Marbled White","LC","LC",,,,,,,
"Melanargia lachesis","Nymphalidae","Satyrinae",360,"(Hübner, 1790)","Melanargia","lachesis","Iberian Marbled White","LC","LC",,,"EuropeanEndemic","EUEndemic",,,
"Melanargia larissa","Nymphalidae","Satyrinae",359,"(Geyer, 1828)","Melanargia","larissa","Balkan Marbled White","LC","LC",,,,,,,
"Melanargia occitanica","Nymphalidae","Satyrinae",365,"(Esper, 1793)","Melanargia","occitanica","Western Marbled White","LC","LC",,"SPEC3",,,,,
"Melanargia pherusa","Nymphalidae","Satyrinae",364,"(Boisduval, 1833)","Melanargia","pherusa","Sicilian Marbled White","LC","LC",,,"EuropeanEndemic","EUEndemic","Italy - Sicily",,
"Melanargia russiae","Nymphalidae","Satyrinae",358,"(Esper, 1783)","Melanargia","russiae","Esper's Marbled White","LC","LC",,,,,,,
"Melitaea aetherie","Nymphalidae","Melitaeinae",315,"(Hübner, 1826)","Melitaea","aetherie","Aetherie Fritillary","LC","LC",,,,,,,
"Melitaea arduinna","Nymphalidae","Melitaeinae",314,"(Esper, 1783)","Melitaea","arduinna","Freyer's Fritillary","LC","LC",,,,,,,
"Melitaea asteria","Nymphalidae","Melitaeinae",327,"Freyer, 1828","Melitaea","asteria","Little Fritillary","LC","LC",,"SPEC3","EuropeanEndemic",,,,
"Melitaea athalia","Nymphalidae","Melitaeinae",323,"(Rottemburg, 1775)","Melitaea","athalia","Heath Fritillary","LC","LC",,,,,,,
"Melitaea aurelia","Nymphalidae","Melitaeinae",326,"Nickerl, 1850","Melitaea","aurelia","Nickerl's Fritillary","NT","LC",,"SPEC2",,,,,
"Melitaea britomartis","Nymphalidae","Melitaeinae",322,"Assmann, 1847","Melitaea","britomartis","Assmann's Fritillary","NT","NT",,"SPEC2",,,,,
"Melitaea celadussa","Nymphalidae","Melitaeinae",320,"Fruhstorfer, 1910","Melitaea","celadussa","Oberthür's Fritillary",,,,,"EuropeanEndemic",,,,
"Melitaea cinxia","Nymphalidae","Melitaeinae",318,"(Linnaeus, 1758)","Melitaea","cinxia","Glanville Fritillary","LC","LC",,,,,,,
"Melitaea deione","Nymphalidae","Melitaeinae",321,"(Geyer, 1832)","Melitaea","deione","Provençal Fritillary","LC","LC",,,,,,,
"Melitaea diamina","Nymphalidae","Melitaeinae",319,"(Lang, 1789)","Melitaea","diamina","False Heath Fritillary","LC","NT",,,,,,,
"Melitaea didyma","Nymphalidae","Melitaeinae",313,"(Esper, 1778)","Melitaea","didyma","Spotted Fritillary","LC","LC",,,,,,,
"Melitaea ornata","Nymphalidae","Melitaeinae",317,"Christoph, 1893","Melitaea","ornata","Eastern Knapweed Fritillary",,,,,,,,,
"Melitaea parthenoides","Nymphalidae","Melitaeinae",325,"Keferstein, 1851","Melitaea","parthenoides","Meadow Fritillary","LC","LC",,"SPEC4","EuropeanEndemic",,,,
"Melitaea phoebe","Nymphalidae","Melitaeinae",316,"([Denis & Schiffermüller], 1775)","Melitaea","phoebe","Knapweed Fritillary","LC","LC",,,,,,,
"Melitaea trivia","Nymphalidae","Melitaeinae",312,"([Denis & Schiffermüller], 1775)","Melitaea","trivia","Lesser Spotted Fritillary","LC","NT",,,,,,,
"Melitaea varia","Nymphalidae","Melitaeinae",324,"Herrich-Schäffer, 1851","Melitaea","varia","Grisons Fritillary","LC","LC",,,"EuropeanEndemic",,,,
"Minois dryas","Nymphalidae","Satyrinae",395,"(Scopoli, 1763)","Minois","dryas","Dryad","LC","LC",,,,,,,
"Muschampia cribrellum","Hesperiidae","Pyrginae",37,"(Eversmann, 1841)","Muschampia","cribrellum","Spinose Skipper","NT","NT",,"SPEC2",,,,,
"Muschampia proto","Hesperiidae","Pyrginae",39,"(Ochsenheimer, 1808)","Muschampia","proto","Sage Skipper","LC","LC",,,,,,,
"Muschampia tessellum","Hesperiidae","Pyrginae",38,"(Hübner, 1803)","Muschampia","tessellum","Tesselated Skipper","LC","LC",,,,,,,
"Neolycaena rhymnus","Lycaenidae","Theclinae",145,"(Eversmann, 1832)","Neolycaena","rhymnus","suggestion:","LC","NE",,"SPEC3",,,,,
"Neolysandra coelestina","Lycaenidae","Polyommatinae",219,"(Eversmann, 1843)","Neolysandra","coelestina","Pontic Blue","LC","LC",,,,,,"EoR",
"Neptis rivularis","Nymphalidae","Limenitidinae",252,"(Scopoli, 1763)","Neptis","rivularis","Hungarian Glider","LC","LC",,,,,,,
"Neptis sappho","Nymphalidae","Limenitidinae",251,"(Pallas, 1771)","Neptis","sappho","Common Glider","LC","LC",,,,,,,
"Nymphalis antiopa","Nymphalidae","Nymphalinae",304,"(Linnaeus, 1758)","Nymphalis","antiopa","Camberwell Beauty","LC","LC",,,,,,,
"Nymphalis polychloros","Nymphalidae","Nymphalinae",302,"(Linnaeus, 1758)","Nymphalis","polychloros","Large Tortoiseshell","LC","VU",,,,,,,
"Nymphalis vaualbum","Nymphalidae","Nymphalinae",301,"([Denis & Schiffermüller], 1775)","Nymphalis","vaualbum","False Comma","LC","VU","II+IV","SPEC3",,,,,
"Nymphalis xanthomelas","Nymphalidae","Nymphalinae",303,"(Esper, 1781)","Nymphalis","xanthomelas","Yellow-legged Tortoiseshell","LC","NT",,,,,,,
"Ochlodes sylvanus","Hesperiidae","Hesperiinae",23,"(Esper, 1777)","Ochlodes","sylvanus","Large Skipper","LC","LC",,,,,,,
"Oeneis ammon","Nymphalidae","Satyrinae",400,"Elwes, 1899","Oeneis","ammon","suggestion:",,,,,,,,"EoR",
"Oeneis bore","Nymphalidae","Satyrinae",399,"(Schneider, 1792)","Oeneis","bore","Arctic Grayling","LC","LC",,"SPEC4",,,,,
"Oeneis glacialis","Nymphalidae","Satyrinae",406,"(Moll, 1785)","Oeneis","glacialis","Alpine Grayling","LC","LC",,,"EuropeanEndemic",,,,
"Oeneis jutta","Nymphalidae","Satyrinae",403,"(Hübner, 1806)","Oeneis","jutta","Baltic Grayling","LC","LC",,"SPEC4",,,,,
"Oeneis magna","Nymphalidae","Satyrinae",402,"Graeser, 1888","Oeneis","magna","suggestion:","NtA","NtA",,,,,,"EoR",
"Oeneis melissa","Nymphalidae","Satyrinae",401,"(Fabricius, 1775)","Oeneis","melissa","Melissa Arctic","NtA","NtA",,,,,,"EoR",
"Oeneis norna","Nymphalidae","Satyrinae",404,"(Thunberg, 1791)","Oeneis","norna","Norse Grayling","NT","NT",,"SPEC2",,,,,
"Oeneis polixenes","Nymphalidae","Satyrinae",405,"(Fabricius, 1775)","Oeneis","polixenes","Polixenes arctic","NtA","NtA",,,,,,"EoR",
"Oeneis tarpeia","Nymphalidae","Satyrinae",398,"(Pallas, 1771)","Oeneis","tarpeia","suggestion:","LC","NE",,,,,,,
"Papilio alexanor","Papilionidae","Papilioninae",3,"Esper, 1800","Papilio","alexanor","Southern Swallowtail","LC","LC","IV","SPEC3",,,,,
"Papilio hospiton","Papilionidae","Papilioninae",5,"Gené, 1839","Papilio","hospiton","Corsican Swallowtail","LC","LC","II+IV",,"EuropeanEndemic","EUEndemic",,,
"Papilio machaon","Papilionidae","Papilioninae",4,"Linnaeus, 1758","Papilio","machaon","Swallowtail","LC","LC",,,,,,,
"Pararge aegeria","Nymphalidae","Satyrinae",352,"(Linnaeus, 1758)","Pararge","aegeria","Speckled Wood","LC","LC",,,,,,,
"Pararge xiphia","Nymphalidae","Satyrinae",350,"(Fabricius, 1775)","Pararge","xiphia","Madeiran Speckled Wood","EN","EN",,"SPEC1","EuropeanEndemic","EUEndemic","Madeira Islands",,
"Pararge xiphioides","Nymphalidae","Satyrinae",351,"Staudinger, 1871","Pararge","xiphioides","Canary Speckled Wood","LC","LC",,,"EuropeanEndemic","EUEndemic","Canary Islands",,
"Parnassius apollo","Papilionidae","Parnassiinae",8,"(Linnaeus, 1758)","Parnassius","apollo","Apollo","NT","NT","IV","SPEC2",,,,,
"Parnassius mnemosyne","Papilionidae","Parnassiinae",6,"(Linnaeus, 1758)","Parnassius","mnemosyne","Clouded Apollo","NT","LC","IV","SPEC2",,,,,
"Parnassius phoebus","Papilionidae","Parnassiinae",7,"(Fabricius, 1793)","Parnassius","phoebus","Small Apollo","NT","NT",,"SPEC2",,,,,
"Pelopidas thrax","Hesperiidae","Hesperiinae",19,"(Hübner, 1821)","Pelopidas","thrax","Millet Skipper","NtA","NtA",,,,,,"EoR",
"Phengaris alcon","Lycaenidae","Polyommatinae",162,"([Denis & Schiffermüller], 1775)","Phengaris","alcon","Alcon Blue","LC","NT",,"SPEC3",,,,,
"Phengaris arion","Lycaenidae","Polyommatinae",163,"(Linnaeus, 1758)","Phengaris","arion","Large Blue","EN","EN","IV","SPEC1",,,,,
"Phengaris nausithous","Lycaenidae","Polyommatinae",165,"(Bergsträsser, 1779)","Phengaris","nausithous","Dusky Large Blue","NT","NT","II+IV","SPEC2",,,,,
"Phengaris teleius","Lycaenidae","Polyommatinae",164,"(Bergsträsser, 1779)","Phengaris","teleius","Scarce Large Blue","VU","VU","II+IV","SPEC1",,,,,
"Pieris balcana","Pieridae","Pierinae",101,"Lorkovic, 1969","Pieris","balcana","Balkan Green-veined White","LC","LC",,,"EuropeanEndemic",,,,
"Pieris brassicae","Pieridae","Pierinae",93,"(Linnaeus, 1758)","Pieris","brassicae","Large White","LC","LC",,,,,,,
"Pieris bryoniae","Pieridae","Pierinae",99,"(Hübner, 1806)","Pieris","bryoniae","Mountain Green-veined White","LC","LC",,,,,,,
"Pieris cheiranthi","Pieridae","Pierinae",95,"(Hübner, 1808)","Pieris","cheiranthi","Canary Islands Large White","EN","EN",,"SPEC1","EuropeanEndemic","EUEndemic","Canary Islands",,
"Pieris ergane","Pieridae","Pierinae",98,"(Geyer, 1828)","Pieris","ergane","Mountain Small White","LC","LC",,,,,,,
"Pieris krueperi","Pieridae","Pierinae",92,"Staudinger, 1860","Pieris","krueperi","Krueper's Small White","LC","LC",,,,,,,
"Pieris mannii","Pieridae","Pierinae",97,"(Mayer, 1851)","Pieris","mannii","Southern Small White","LC","LC",,,,,,,
"Pieris napi","Pieridae","Pierinae",100,"(Linnaeus, 1758)","Pieris","napi","Green-veined White","LC","LC",,,,,,,
"Pieris rapae","Pieridae","Pierinae",96,"(Linnaeus, 1758)","Pieris","rapae","Small White","LC","LC",,,,,,,
"Pieris wollastoni","Pieridae","Pierinae",94,"(Butler, 1886)","Pieris","wollastoni","Madeiran Large White","CR","CR",,"SPEC1","EuropeanEndemic","EUEndemic","Madeira Islands",,
"Plebejidea loewii","Lycaenidae","Polyommatinae",202,"(Zeller, 1847)","Plebejidea","loewii","Loew's Blue","NtA","NtA",,,,,,"EoR",
"Plebejus argus","Lycaenidae","Polyommatinae",191,"(Linnaeus, 1758)","Plebejus","argus","Silver-studded Blue","LC","LC",,,,,,,
"Plebejus argyrognomon","Lycaenidae","Polyommatinae",194,"(Bergsträsser, 1779)","Plebejus","argyrognomon","Reverdin's Blue","LC","LC",,,,,,,
"Plebejus bellieri","Lycaenidae","Polyommatinae",193,"(Oberthür, 1910)","Plebejus","bellieri","Bellier's Blue","LC","LC",,,"EuropeanEndemic","EUEndemic",,,
"Plebejus idas","Lycaenidae","Polyommatinae",192,"(Linnaeus, 1760)","Plebejus","idas","Idas Blue","LC","LC",,,,,,,
"Polygonia c-album","Nymphalidae","Nymphalinae",300,"(Linnaeus, 1758)","Polygonia","c-album","Comma","LC","LC",,,,,,,
"Polygonia egea","Nymphalidae","Nymphalinae",299,"(Cramer, 1775)","Polygonia","egea","Southern Comma","LC","LC",,,,,,,
"Polyommatus admetus","Lycaenidae","Polyommatinae",239,"(Esper, 1783)","Polyommatus","admetus","Anomalous Blue","LC","LC",,,,,,,
"Polyommatus amandus","Lycaenidae","Polyommatinae",229,"(Schneider, 1792)","Polyommatus","amandus","Amanda's Blue","LC","LC",,,,,,,
"Polyommatus aroaniensis","Lycaenidae","Polyommatinae",250,"(Brown, 1976)","Polyommatus","aroaniensis","Grecian Anomalous Blue","LC","LC",,,"EuropeanEndemic","EUEndemic",,,
"Polyommatus celina","Lycaenidae","Polyommatinae",233,"(Austaut, 1879)","Polyommatus","celina","Austaut's Blue",,,,,,,,,
"Polyommatus damocles","Lycaenidae","Polyommatinae",238,"(Herrich-Schäffer, 1844)","Polyommatus","damocles","suggestion:","DD","NE",,,,,,,
"Polyommatus damon","Lycaenidae","Polyommatinae",236,"([Denis & Schiffermüller], 1775)","Polyommatus","damon","Damon Blue","NT","NT",,"SPEC2",,,,,
"Polyommatus damone","Lycaenidae","Polyommatinae",237,"(Eversmann, 1841)","Polyommatus","damone","Crimean Blue","NtA","NtA",,,,,,"EoR",
"Polyommatus daphnis","Lycaenidae","Polyommatinae",228,"([Denis & Schiffermüller], 1775)","Polyommatus","daphnis","Meleager's Blue","LC","LC",,,,,,,
"Polyommatus dolus","Lycaenidae","Polyommatinae",246,"(Hübner, 1823)","Polyommatus","dolus","Furry Blue","LC","LC",,,"EuropeanEndemic","EUEndemic",,,
"Polyommatus dorylas","Lycaenidae","Polyommatinae",232,"([Denis & Schiffermüller], 1775)","Polyommatus","dorylas","Turqouise Blue","NT","NT",,"SPEC2",,,,,
"Polyommatus eros","Lycaenidae","Polyommatinae",235,"(Ochsenheimer, 1808)","Polyommatus","eros","Eros Blue","NT","NT",,"SPEC2",,,,,
"Polyommatus escheri","Lycaenidae","Polyommatinae",226,"(Hübner, 1823)","Polyommatus","escheri","Escher's Blue","LC","LC",,,,,,,
"Polyommatus fabressei","Lycaenidae","Polyommatinae",245,"(Oberthür, 1910)","Polyommatus","fabressei","Oberthür's Anomalous Blue","LC","LC",,,"EuropeanEndemic","EUEndemic","Spain",,
"Polyommatus fulgens","Lycaenidae","Polyommatinae",244,"(Sagarra, 1925)","Polyommatus","fulgens","Catalonian Furry Blue","LC","LC",,,"EuropeanEndemic","EUEndemic","Spain",,
"Polyommatus golgus","Lycaenidae","Polyommatinae",230,"(Hübner, 1813)","Polyommatus","golgus","Nevada Blue","VU","VU","II+IV","SPEC1","EuropeanEndemic","EUEndemic","Spain",,
"Polyommatus humedasae","Lycaenidae","Polyommatinae",247,"(Toso & Balletto, 1976)","Polyommatus","humedasae","Piedmont Anomalous Blue","EN","EN",,"SPEC1","EuropeanEndemic","EUEndemic","Italy",,
"Polyommatus icarus","Lycaenidae","Polyommatinae",234,"(Rottemburg, 1775)","Polyommatus","icarus","Common Blue","LC","LC",,,,,,,
"Polyommatus iphigenia","Lycaenidae","Polyommatinae",242,"(Herrich-Schäffer, 1847)","Polyommatus","iphigenia","Chelmos Blue","NtA","NtA",,,,,,"EoR",
"Polyommatus nephohiptamenos","Lycaenidae","Polyommatinae",241,"(Brown & Coutsis, 1978)","Polyommatus","nephohiptamenos","Higgins' Anomalous Blue","NT","NT",,"SPEC2","EuropeanEndemic","EUEndemic",,,
"Polyommatus nivescens","Lycaenidae","Polyommatinae",231,"(Keferstein, 1851)","Polyommatus","nivescens","Mother-of-pearl Blue","NT","NT",,"SPEC2","EuropeanEndemic","EUEndemic","Spain",,
"Polyommatus orphicus","Lycaenidae","Polyommatinae",249,"Kolev, 2005","Polyommatus","orphicus","Kolev's Anomalous Blue","VU","VU",,"SPEC1","EuropeanEndemic","EUEndemic",,,
"Polyommatus ripartii","Lycaenidae","Polyommatinae",240,"(Freyer, 1830)","Polyommatus","ripartii","Ripart's Anomalous Blue","LC","NT",,,,,,,
"Polyommatus thersites","Lycaenidae","Polyommatinae",227,"(Cantener, 1835)","Polyommatus","thersites","Chapman's Blue","LC","LC",,,,,,,
"Polyommatus timfristos","Lycaenidae","Polyommatinae",248,"Lukhtanov, Vishnevskaya & Shapoval, 2016","Polyommatus","timfristos","suggestion: Timfristos Anomalous Blue",,,,,"EuropeanEndemic","EUEndemic","Greece",,
"Polyommatus violetae","Lycaenidae","Polyommatinae",243,"(Gómez-Bustillo, Expósito & Martínez, 1979)","Polyommatus","violetae","Andalusian Anomalous Blue","VU","VU",,"SPEC1","EuropeanEndemic","EUEndemic","Spain",,
"Pontia callidice","Pieridae","Pierinae",89,"(Hübner, 1800)","Pontia","callidice","Peak White","LC","LC",,,,,,,
"Pontia chloridice","Pieridae","Pierinae",88,"(Hübner, 1813)","Pontia","chloridice","Small Bath White","LC","LC",,,,,,,
"Pontia daplidice","Pieridae","Pierinae",91,"(Linnaeus, 1758)","Pontia","daplidice","Bath White","LC","LC",,,,,,,
"Pontia edusa","Pieridae","Pierinae",90,"(Fabricius, 1777)","Pontia","edusa","Eastern Bath White","LC","LC",,,,,,,
"Praephilotes anthracias","Lycaenidae","Polyommatinae",174,"(Christoph, 1877)","Praephilotes","anthracias","suggestion:","NtA","NtA",,,,,,"EoR",
"Proterebia phegea","Nymphalidae","Satyrinae",425,"(Borkhausen, 1788)","Proterebia","phegea","Dalmatian Ringlet","LC","LC",,,,,,,
"Pseudochazara amalthea","Nymphalidae","Satyrinae",417,"(Frivaldszky, 1845)","Pseudochazara","amalthea","suggestion:",,,,,"EuropeanEndemic",,,,
"Pseudochazara amymone","Nymphalidae","Satyrinae",415,"Brown, 1976","Pseudochazara","amymone","Brown's Grayling","VU","VU",,"SPEC1","EuropeanEndemic","EUEndemic",,,
"Pseudochazara anthelea","Nymphalidae","Satyrinae",416,"(Hübner, 1824)","Pseudochazara","anthelea","White-banded Grayling","LC","LC",,,,,,,
"Pseudochazara cingovskii","Nymphalidae","Satyrinae",421,"(Gross, 1973)","Pseudochazara","cingovskii","Macedonian Grayling","CR","NE",,"SPEC1","EuropeanEndemic",,"Republic of Macedonia",,
"Pseudochazara euxina","Nymphalidae","Satyrinae",419,"(Kuznetsov, 1909)","Pseudochazara","euxina","suggestion:","EN","NE",,"SPEC1","EuropeanEndemic",,"Ukraine",,
"Pseudochazara geyeri","Nymphalidae","Satyrinae",413,"(Herrich-Schäffer, 1846)","Pseudochazara","geyeri","Gray Asian Grayling","LC","LC",,,,,,,
"Pseudochazara graeca","Nymphalidae","Satyrinae",414,"(Staudinger, 1870)","Pseudochazara","graeca","Grecian Grayling","LC","LC",,,"EuropeanEndemic",,,,
"Pseudochazara mercurius","Nymphalidae","Satyrinae",420,"(Staudinger, 1887)","Pseudochazara","mercurius","Nevada Grayling",,,,,,,,"EoR",
"Pseudochazara orestes","Nymphalidae","Satyrinae",423,"De Prins & van der Poorten, 1981","Pseudochazara","orestes","Dils' Grayling","VU","VU",,"SPEC1","EuropeanEndemic","EUEndemic",,,
"Pseudochazara tisiphone","Nymphalidae","Satyrinae",422,"Brown, [1981]","Pseudochazara","tisiphone","Dark Grayling",,,,,,,,,
"Pseudochazara williamsi","Nymphalidae","Satyrinae",418,"(Romei, 1927)","Pseudochazara","williamsi","suggestion:",,,,,"EuropeanEndemic","EUEndemic",,,
"Pseudophilotes abencerragus","Lycaenidae","Polyommatinae",169,"(Pierret, 1837)","Pseudophilotes","abencerragus","False Baton Blue","LC","LC",,,,,,,
"Pseudophilotes barbagiae","Lycaenidae","Polyommatinae",168,"De Prins & van der Poorten, 1982","Pseudophilotes","barbagiae","Sardinian Blue","LC","LC",,,"EuropeanEndemic","EUEndemic","Italy - Sardinia",,
"Pseudophilotes baton","Lycaenidae","Polyommatinae",172,"(Bergsträsser, 1779)","Pseudophilotes","baton","Baton Blue","LC","LC",,"SPEC4","EuropeanEndemic",,,,
"Pseudophilotes bavius","Lycaenidae","Polyommatinae",167,"(Eversmann, 1832)","Pseudophilotes","bavius","Bavius Blue","LC","LC","II+IV","SPEC3",,,,,
"Pseudophilotes panoptes","Lycaenidae","Polyommatinae",170,"(Hübner, 1813)","Pseudophilotes","panoptes","Panoptes Blue","NT","NT",,"SPEC2","EuropeanEndemic","EUEndemic",,,
"Pseudophilotes vicrama","Lycaenidae","Polyommatinae",171,"(Moore, 1865)","Pseudophilotes","vicrama","Eastern Baton Blue","NT","NT",,"SPEC2",,,,,
"Pyrgus alveus","Hesperiidae","Pyrginae",56,"(Hübner, 1803)","Pyrgus","alveus","Large Grizzled Skipper","LC","LC",,,,,,,
"Pyrgus andromedae","Hesperiidae","Pyrginae",53,"(Wallengren, 1853)","Pyrgus","andromedae","Alpine Grizzled Skipper","LC","LC",,,"EuropeanEndemic",,,,
"Pyrgus armoricanus","Hesperiidae","Pyrginae",55,"(Oberthür, 1910)","Pyrgus","armoricanus","Oberthür's Grizzled Skipper","LC","LC",,,,,,,
"Pyrgus cacaliae","Hesperiidae","Pyrginae",52,"(Rambur, 1839)","Pyrgus","cacaliae","Dusky Grizzled Skipper","LC","LC",,,"EuropeanEndemic",,,,
"Pyrgus carlinae","Hesperiidae","Pyrginae",60,"(Rambur, 1839)","Pyrgus","carlinae","Carline Skipper","LC","LC",,,"EuropeanEndemic",,,,
"Pyrgus carthami","Hesperiidae","Pyrginae",49,"(Hübner, 1813)","Pyrgus","carthami","Safflower Skipper","LC","LC",,,,,,,
"Pyrgus centaureae","Hesperiidae","Pyrginae",51,"(Rambur, 1839)","Pyrgus","centaureae","Northern Grizzled Skipper","LC","LC",,,,,,,
"Pyrgus cinarae","Hesperiidae","Pyrginae",62,"(Rambur, 1839)","Pyrgus","cinarae","Sandy Grizzled Skipper","LC","LC",,,,,,,
"Pyrgus cirsii","Hesperiidae","Pyrginae",61,"(Rambur, 1839)","Pyrgus","cirsii","Cinquefoil Skipper","VU","VU",,"SPEC1","EuropeanEndemic",,,,
"Pyrgus foulquieri","Hesperiidae","Pyrginae",58,"(Oberthür, 1910)","Pyrgus","foulquieri","Foulquier's Grizzled Skipper","LC","LC",,,"EuropeanEndemic","EUEndemic",,,
"Pyrgus malvae","Hesperiidae","Pyrginae",48,"(Linnaeus, 1758)","Pyrgus","malvae","Grizzled Skipper","LC","LC",,,,,,,
"Pyrgus malvoides","Hesperiidae","Pyrginae",47,"(Elwes & Edwards, 1897)","Pyrgus","malvoides","Southern Grizzled Skipper","LC","LC",,,"EuropeanEndemic",,,,
"Pyrgus onopordi","Hesperiidae","Pyrginae",59,"(Rambur, 1839)","Pyrgus","onopordi","Rosy Grizzled Skipper","LC","LC",,,,,,,
"Pyrgus serratulae","Hesperiidae","Pyrginae",54,"(Rambur, 1839)","Pyrgus","serratulae","Olive Skipper","LC","NT",,,,,,,
"Pyrgus sidae","Hesperiidae","Pyrginae",50,"(Esper, 1784)","Pyrgus","sidae","Yellow-banded Skipper","LC","LC",,,,,,,
"Pyrgus warrenensis","Hesperiidae","Pyrginae",57,"(Verity, 1928)","Pyrgus","warrenensis","Warren's Skipper","LC","LC",,,"EuropeanEndemic",,,,
"Pyronia bathseba","Nymphalidae","Satyrinae",432,"(Fabricius, 1793)","Pyronia","bathseba","Spanish Gatekeeper","LC","LC",,,,,,,
"Pyronia cecilia","Nymphalidae","Satyrinae",429,"(Vallantin, 1894)","Pyronia","cecilia","Southern Gatekeeper","LC","LC",,,,,,,
"Pyronia tithonus","Nymphalidae","Satyrinae",431,"(Linnaeus, 1771)","Pyronia","tithonus","Gatekeeper","LC","LC",,"SPEC3",,,,,
"Satyrium acaciae","Lycaenidae","Theclinae",152,"(Fabricius, 1787)","Satyrium","acaciae","Sloe Hairstreak","LC","LC",,,,,,,
"Satyrium esculi","Lycaenidae","Theclinae",148,"(Hübner, 1804)","Satyrium","esculi","False Ilex Hairstreak","LC","LC",,,,,,,
"Satyrium ilicis","Lycaenidae","Theclinae",147,"(Esper, 1779)","Satyrium","ilicis","Ilex Hairstreak","LC","LC",,"SPEC3",,,,,
"Satyrium ledereri","Lycaenidae","Theclinae",149,"(Boisduval, 1848)","Satyrium","ledereri","Orange-banded Hairstreak","NtA","NtA",,,,,,"EoR",
"Satyrium pruni","Lycaenidae","Theclinae",146,"(Linnaeus, 1758)","Satyrium","pruni","Black Hairstreak","LC","LC",,,,,,,
"Satyrium spini","Lycaenidae","Theclinae",151,"([Denis & Schiffermüller], 1775)","Satyrium","spini","Blue-spot Hairstreak","LC","LC",,,,,,,
"Satyrium w-album","Lycaenidae","Theclinae",150,"(Knoch, 1782)","Satyrium","w-album","White-letter Hairstreak","LC","LC",,,,,,,
"Satyrus actaea","Nymphalidae","Satyrinae",409,"(Esper, 1781)","Satyrus","actaea","Black Satyr","LC","LC",,,"EuropeanEndemic",,,,
"Satyrus ferula","Nymphalidae","Satyrinae",407,"(Fabricius, 1793)","Satyrus","ferula","Great Sooty Satyr","LC","LC",,,,,,,
"Satyrus virbius","Nymphalidae","Satyrinae",408,"Herrich-Schäffer, 1844","Satyrus","virbius","Crimean Sooty Satyr","LC","NE",,,"EuropeanEndemic",,,,
"Scolitantides orion","Lycaenidae","Polyommatinae",173,"(Pallas, 1771)","Scolitantides","orion","Checkered Blue","LC","NT",,,,,,,
"Speyeria aglaja","Nymphalidae","Heliconiinae",264,"(Linnaeus, 1758)","Speyeria","aglaja","Dark Green Fritillary","LC","LC",,,,,,,
"Spialia orbifer","Hesperiidae","Pyrginae",34,"(Hübner, 1823)","Spialia","orbifer","Hungarian Skipper","LC","LC",,,,,,,
"Spialia phlomidis","Hesperiidae","Pyrginae",30,"(Herrich-Schäffer, 1845)","Spialia","phlomidis","Persian Skipper","LC","LC",,,,,,,
"Spialia rosae","Hesperiidae","Pyrginae",33,"Hernández-Roldán, Dapporto, Dinca, Vicente & Vila, 2016","Spialia","rosae","suggestion:",,,,,"EuropeanEndemic","EUEndemic","Spain",,
"Spialia sertorius","Hesperiidae","Pyrginae",31,"(Hoffmansegg, 1804)","Spialia","sertorius","Red-underwing Skipper","LC","LC",,,,,,,
"Spialia therapne","Hesperiidae","Pyrginae",32,"(Rambur, 1832)","Spialia","therapne","Corsican Red-underwing Skipper","LC","LC",,,"EuropeanEndemic","EUEndemic",,,
"Tarucus balkanicus","Lycaenidae","Polyommatinae",161,"(Freyer, 1844)","Tarucus","balkanicus","Little Tiger Blue","LC","LC",,,,,,,
"Tarucus theophrastus","Lycaenidae","Polyommatinae",160,"(Fabricius, 1793)","Tarucus","theophrastus","Common Tiger Blue","LC","LC",,,,,,,
"Thecla betulae","Lycaenidae","Theclinae",135,"(Linnaeus, 1758)","Thecla","betulae","Brown Hairstreak","LC","LC",,,,,,,
"Thymelicus acteon","Hesperiidae","Hesperiinae",26,"(Rottemburg, 1775)","Thymelicus","acteon","Lulworth Skipper","NT","NT",,"SPEC2",,,,,
"Thymelicus christi","Hesperiidae","Hesperiinae",25,"Rebel, 1894","Thymelicus","christi","Canarian Skipper","LC","LC",,,"EuropeanEndemic","EUEndemic","Canary Islands",,
"Thymelicus hyrax","Hesperiidae","Hesperiinae",27,"(Lederer, 1861)","Thymelicus","hyrax","Levantine Skipper","LC","LC",,,,,,,
"Thymelicus lineola","Hesperiidae","Hesperiinae",29,"(Ochsenheimer, 1808)","Thymelicus","lineola","Essex Skipper","LC","LC",,,,,,,
"Thymelicus sylvestris","Hesperiidae","Hesperiinae",28,"(Poda, 1761)","Thymelicus","sylvestris","Small Skipper","LC","LC",,,,,,,
"Tomares ballus","Lycaenidae","Theclinae",138,"(Fabricius, 1787)","Tomares","ballus","Provence Hairstreak","LC","LC",,,,,,,
"Tomares callimachus","Lycaenidae","Theclinae",140,"(Eversmann, 1848)","Tomares","callimachus","Caucasian Vernal Copper","LC","NE",,"SPEC3",,,,"EoR",
"Tomares nogelii","Lycaenidae","Theclinae",139,"(Herrich-Schäffer, 1851)","Tomares","nogelii","Nogel's Hairstreak","VU","RE",,"SPEC1",,,,"EoR",
"Tongeia fischeri","Lycaenidae","Polyommatinae",183,"(Eversmann, 1843)","Tongeia","fischeri","suggestion:","NtA","NtA",,,,,,"EoR",
"Turanana taygetica","Lycaenidae","Polyommatinae",166,"(Rebel, 1902)","Turanana","taygetica","Odd-spot Blue","EN","EN",,"SPEC1",,,,"EoR",
"Vanessa atalanta","Nymphalidae","Nymphalinae",295,"(Linnaeus, 1758)","Vanessa","atalanta","Red Admiral","LC","LC",,,,,,,
"Vanessa cardui","Nymphalidae","Nymphalinae",293,"(Linnaeus, 1758)","Vanessa","cardui","Painted Lady","LC","LC",,,,,,,
"Vanessa virginiensis","Nymphalidae","Nymphalinae",292,"(Drury, 1773)","Vanessa","virginiensis","American Painted Lady","NtA","NtA",,,,,,"EoR",
"Vanessa vulcania","Nymphalidae","Nymphalinae",294,"Godart, 1819","Vanessa","vulcania","Canary Red Admiral","LC","LC",,,"EuropeanEndemic","EUEndemic",,,
"Ypthima asterope","Nymphalidae","Satyrinae",424,"(Klug, 1832)","Ypthima","asterope","African Ringlet","NtA","NtA",,,,,,"EoR",
"Zegris eupheme","Pieridae","Pierinae",115,"(Esper, 1804)","Zegris","eupheme","Sooty Orange-tip","NT","NT",,"SPEC2",,,,,
"Zegris pyrothoe","Pieridae","Pierinae",114,"(Eversmann, 1832)","Zegris","pyrothoe","Eversmann's Sooty Orange-tip","NtA","NtA",,,,,,"EoR",
"Zerynthia cassandra","Papilionidae","Parnassiinae",15,"(Geyer, [1828])","Zerynthia","cassandra","Italian Festoon",,,,,"EuropeanEndemic","EUEndemic","Italy",,
"Zerynthia caucasica","Papilionidae","Parnassiinae",12,"(Lederer, 1864)","Zerynthia","caucasica","Caucasian Festoon","NtA","NtA",,,,,,"EoR",
"Zerynthia cerisy","Papilionidae","Parnassiinae",10,"(Godart, 1824)","Zerynthia","cerisy","Eastern Festoon","NT","NT",,"SPEC2",,,,,
"Zerynthia cretica","Papilionidae","Parnassiinae",11,"(Rebel, 1904)","Zerynthia","cretica","Cretan Festoon","LC","LC",,,"EuropeanEndemic","EUEndemic","Greece - Crete",,
"Zerynthia polyxena","Papilionidae","Parnassiinae",14,"([Denis & Schiffermüller], 1775)","Zerynthia","polyxena","Southern Festoon","LC","LC","IV",,,,,,
"Zerynthia rumina","Papilionidae","Parnassiinae",13,"(Linnaeus, 1758)","Zerynthia","rumina","Spanish Festoon","LC","LC",,,,,,,
"Zizeeria karsandra","Lycaenidae","Polyommatinae",181,"(Moore, 1865)","Zizeeria","karsandra","Dark Grass Blue","NtA","NtA",,,,,,"EoR",
"Zizeeria knysna","Lycaenidae","Polyommatinae",180,"(Trimen, 1862)","Zizeeria","knysna","African Grass Blue","NtA","NtA",,,,,,"EoR",
